<?xml version="1.0"?>
<!--
   Licensed to the Apache Software Foundation (ASF) under one or more
   contributor license agreements.  See the NOTICE file distributed with
   this work for additional information regarding copyright ownership.
   The ASF licenses this file to You under the Apache License, Version 2.0
   (the "License"); you may not use this file except in compliance with
   the License.  You may obtain a copy of the License at

       http://www.apache.org/licenses/LICENSE-2.0

   Unless required by applicable law or agreed to in writing, software
   distributed under the License is distributed on an "AS IS" BASIS,
   WITHOUT WARRANTIES OR CONDITIONS OF ANY KIND, either express or implied.
   See the License for the specific language governing permissions and
   limitations under the License.
-->
<project>
  <pomVersion>3</pomVersion>

  <name>IO</name>
  <groupId>commons-io</groupId>
  <artifactId>commons-io</artifactId>
  <currentVersion>1.3.2</currentVersion>
  <inceptionYear>2002</inceptionYear>
  <shortDescription>Commons IO</shortDescription>
  <description>
        Commons-IO contains utility classes, stream implementations, file filters, and endian classes.
  </description>
  <logo>/images/io-logo-white.png</logo>

  <url>http://jakarta.apache.org/commons/io/</url>
  <package>org.apache.commons.io</package>

  <organization>
    <name>The Apache Software Foundation</name>
    <url>http://jakarta.apache.org</url>
    <logo>http://jakarta.apache.org/images/original-jakarta-logo.gif</logo>
  </organization>

  <licenses>
    <license>
      <name>The Apache Software License, Version 2.0</name>
      <url>/LICENSE.txt</url>
      <distribution>repo</distribution>
    </license>
  </licenses>

  <gumpRepositoryId>jakarta</gumpRepositoryId>
  <issueTrackingUrl>http://issues.apache.org/jira/</issueTrackingUrl>
  <siteAddress>people.apache.org</siteAddress>
  <siteDirectory>/www/jakarta.apache.org/commons/io/</siteDirectory>
  <distributionDirectory>/www/jakarta.apache.org/builds/jakarta-commons/io/</distributionDirectory>

  <repository>
    <connection>scm:svn:http://svn.apache.org/repos/asf/jakarta/commons/proper/io/trunk</connection>
    <url>http://svn.apache.org/repos/asf/jakarta/commons/proper/io/trunk</url>
  </repository>

  <mailingLists>
    <mailingList>
      <name>Commons Dev List</name>
      <subscribe>commons-dev-subscribe@jakarta.apache.org</subscribe>
      <unsubscribe>commons-dev-unsubscribe@jakarta.apache.org</unsubscribe>
      <archive>http://mail-archives.apache.org/mod_mbox/jakarta-commons-dev/</archive>
    </mailingList>
    <mailingList>
      <name>Commons User List</name>
      <subscribe>commons-user-subscribe@jakarta.apache.org</subscribe>
      <unsubscribe>commons-user-unsubscribe@jakarta.apache.org</unsubscribe>
      <archive>http://mail-archives.apache.org/mod_mbox/jakarta-commons-user/</archive>
    </mailingList>
  </mailingLists>

  <versions>
    <version>
      <id>1.0</id>
      <name>1.0</name>
      <tag>IO_1_0</tag>
    </version>
    <version>
      <id>1.1</id>
      <name>1.1</name>
      <tag>IO_1_1</tag>
    </version>
    <version>
      <id>1.2</id>
      <name>1.2</name>
      <tag>IO_1_2</tag>
    </version>
  </versions>

  <developers>
    <developer>
      <name>Scott Sanders</name>
      <id>sanders</id>
      <email>sanders@apache.org</email>
      <organization></organization>
      <roles>
        <role>Java Developer</role>
      </roles>
    </developer>
    <developer>
      <name>dIon Gillard</name>
      <id>dion</id>
      <email>dion@apache.org</email>
      <organization></organization>
      <roles>
        <role>Java Developer</role>
      </roles>
    </developer>
    <developer>
      <name>Nicola Ken Barozzi</name>
      <id>nicolaken</id>
      <email>nicolaken@apache.org</email>
      <organization></organization>
      <roles>
        <role>Java Developer</role>
      </roles>
    </developer>
    <developer>
      <name>Henri Yandell</name>
      <id>bayard</id>
      <email>bayard@apache.org</email>
      <organization></organization>
      <roles>
        <role>Java Developer</role>
      </roles>
    </developer>
    <developer>
      <name>Stephen Colebourne</name>
      <id>scolebourne</id>
      <organization></organization>
      <roles>
        <role>Java Developer</role>
      </roles>
      <timezone>0</timezone>
    </developer>
    <developer>
      <name>Jeremias Maerki</name>
      <id>jeremias</id>
      <email>jeremias@apache.org</email>
      <organization/>
      <roles>
        <role>Java Developer</role>
      </roles>
      <timezone>+1</timezone>
    </developer>
    <developer>
      <name>Matthew Hawthorne</name>
      <id>matth</id>
      <email>matth@apache.org</email>
      <organization/>
      <roles>
        <role>Java Developer</role>
      </roles>
    </developer>
    <developer>
      <name>Martin Cooper</name>
      <id>martinc</id>
      <email>martinc@apache.org</email>
      <organization/>
      <roles>
        <role>Java Developer</role>
      </roles>
    </developer>
    <developer>
      <name>Rob Oxspring</name>
      <id>roxspring</id>
      <email>roxspring@apache.org</email>
      <organization/>
      <roles>
        <role>Java Developer</role>
      </roles>
    </developer>

  </developers>

  <contributors>
    <contributor>
      <name>Rahul Akolkar</name>
    </contributor>
    <contributor>
      <name>Jason Anderson</name>
    </contributor>
    <contributor>
      <name>Nathan Beyer</name>
    </contributor>
    <contributor>
      <name>Emmanuel Bourg</name>
    </contributor>
    <contributor>
      <name>Chris Eldredge</name>
    </contributor>
    <contributor>
      <name>Magnus Grimsell</name>
    </contributor>
    <contributor>
      <name>Jim Harrington</name>
    </contributor>
    <contributor>
      <name>Holger Hoffstatte</name>
    </contributor>
    <contributor>
      <name>Thomas Ledoux</name>
    </contributor>
    <contributor>
      <name>Andy Lehane</name>
    </contributor>
    <contributor>
      <name>Marcelo Liberato</name>
    </contributor>
    <contributor>
      <name>Alban Peignier</name>
      <email>alban.peignier at free.fr</email>
    </contributor>
    <contributor>
      <name>Niall Pemberton</name>
    </contributor>
    <contributor>
      <name>Ian Springer</name>
    </contributor>
    <contributor>
      <name>Masato Tezuka</name>
    </contributor>
    <contributor>
      <name>James Urie</name>
    </contributor>
    <contributor>
      <name>Jochen Wiedmann</name>
    </contributor>
    <contributor>
      <name>Frank W. Zammetti</name>
    </contributor>
  </contributors>

  <dependencies>
    <dependency>
      <groupId>junit</groupId>
      <artifactId>junit</artifactId>
      <version>3.8.1</version>
      <properties>
       <scope>test</scope>
       <comment>
        Required only for testing.
       </comment>
      </properties>
    </dependency>
    <!--
    <dependency>
      <groupId>maven-plugins</groupId>
      <artifactId>maven-cobertura-plugin</artifactId>
      <version>1.1.1</version>
      <url>http://maven-plugins.sourceforge.net/maven-cobertura-plugin/</url>
      <type>plugin</type>
      <properties>
       <scope>test</scope>
       <comment>
        Required only for generating test coverage reports.
       </comment>
      </properties>
    </dependency>
    -->
  </dependencies>

  <build>
    <nagEmailAddress>commons-dev@jakarta.apache.org</nagEmailAddress>
    <sourceDirectory>src/java</sourceDirectory>
    <unitTestSourceDirectory>src/test</unitTestSourceDirectory>
    <!-- Unit test classes -->
    <!-- TODO Organize test inclusions and exclusions -->
    <unitTest>
      <includes>
        <include>**/*Test*</include>
      </includes>
      <excludes>
        <exclude>**/*AbstractTestCase*</exclude>
        <exclude>**/AllIOTestSuite*</exclude>
        <exclude>**/PackageTestSuite*</exclude>
        <exclude>**/testtools/**</exclude>
      </excludes>
    </unitTest>
    <resources>
      <resource>
        <directory>.</directory>
        <targetPath>META-INF</targetPath>
          <includes>
            <include>NOTICE.txt</include>
          </includes>
        </resource>
      </resources>
    </build>

  <reports>
    <!--report>maven-changelog-plugin</report-->
    <!--report>maven-changes-plugin</report-->
    <!--report>maven-developer-activity-plugin</report-->
    <!--report>maven-file-activity-plugin</report-->
    <report>maven-checkstyle-plugin</report>
    <report>maven-javadoc-plugin</report>
    <report>maven-jdepend-plugin</report>
    <report>maven-junit-report-plugin</report>
    <report>maven-jxr-plugin</report>
    <report>maven-license-plugin</report>
    <!--report>maven-cobertura-plugin</report-->
    <report>maven-pmd-plugin</report>
    <!-- report>maven-jdiff-plugin</report -->
  </reports>

</project>
